Title ,Developer(s),Links,Earliest known Date on Site,Notes
Jumpy Buggy,Archor Wright,,5/2/2008,
BluePrint Racer 4D,Archor Wright,,5/2/2008,"Drive around inside of a Blueprint., eventually released on XBLIG"
A Kitchen Sink War,Archor Wright,,5/2/2008,released on XBLIG
The 9th LIFE,Archor Wright,,5/2/2008,A Cat RPG for the XBOX 360 via GS3.
2nd Simple Flight Simulator,Archor Wright,,5/2/2008,
Gas Price Busters,Archor Wright,,5/2/2008,
AVATEER,Archor Wright,,5/2/2008,"Early Alpha Test Version, released on XBLIG"
Simple Flight Simulator 360,Archor Wright,,5/2/2008,
BackSpace War,Archor Wright,,5/2/2008,
"Tank Buster ""T.N.G."" PHOTON",Archor Wright,,12/15/2006,based on Tank Buster Starter Kit
3D PIX 360,Archor Wright,,5/2/2008,
Tank Buster Starter Kit,GarageGames,,3/20/2007,included with Torque X  game engine
Space Shooter,GarageGames,,,
Split Screen,GarageGames,,,
Torque Combat,GarageGames,,,
Starter Game,GarageGames,,,
Particle Wars,Matt Stum,,9/22/2006,
XNAExtras,Gary Kacmarcik,,9/16/2006,"New blog, "
XNA First-Person Shooter Starter Kit,"Hardworker Game Studios, Fabio Policarpo"," 4.0, ",,XNA 3.1
Ultra Strike Gunner,binary madness,,,