Title,Developer(s),Links,Earliest known Date of Development MM/DD/YYYY,Latest Date of Development / Cancellation Date,Available on,Notes
Ultra Pool,RetroBurn Games," Youtube, Twitter, ",5/2/2009,,,
RC Helicopter / Critical Strike,RetroBurn Games," Youtube, ",5/4/2009,,,
Shadow Racers,RetroBurn Games," Youtube, Twitter, ",6/8/2010,,,
Positron,RetroBurn Games," Youtube, ",8/9/2010,,PC (Steam),
Star Cross II,Rickettz Studios,,6/13/2011,,,
GA-volution,Rickettz Studios,,6/26/2011,,,
Phantom Alliance,Rickettz Studios,,6/26/2011,,,
Warrior's Journal,Rickettz Studios,,6/13/2011,,,"aka ""The Endless Abyss, The Warrior's Journal"", sequel to The Endless Abyss?"
SheepNobi,Running Pixel," Youtube, ",9/6/2010,,,
Xbox 360 on the Go,Silver Dollar Games," Youtube Archive, ",8/5/2011,,,
Sovereignty,Single Malt Games," Wiki1, Wiki2, ",5/7/2011,,,
Pixel Man 2,Nick Gravelyn," old site, ",10/27/2011,,,Sequel to Pixel Man
Alien Aggressors (Tutorial),Nick Gravelyn," old download page, ",3/14/2010,,,"Tutorial for XNA development, never intended for release."
Ophidian Wars: Legend of Kilflame,Small Cave Games," job posting, ",7/23/2010,,,Sequel to Ophidian Wars: Opac's Journey
AAG or An Awesome Game Where You Shoot Stuff And It Blows Up And Then You Win The Game: The Game,Arrogancy Games," game listing,",12/20/2008,,,
Bubble Trouble,Dark Omen Games,,8/24/2009,,,aka Bubble Trubble
Killer Core,Dark Omen Games," preview, Youtube, ",1/22/2009,5/15/2009,,
Hail to the King - Alive & Undead (aka Alive & Undead),Shortfuse," Youtube, ",5/10/2010,,,
Wages Of War,Soolstyle,,11/12/2013,,,
Super Soccer! Xbox360,Starting Pixel Games,,3/15/2013,,,
Spider Silk,Starting Pixel Games," reference, ",,,,
PowerCell,DeadlyEvilRyu,,11/3/2009,,,XNA 7 Day
Breakout Revolution,DeadlyEvilRyu," project page, announcement",7/25/2008,,,
SevenBits ,John Mueller,,11/3/2009,,,XNA 7 Day
Tail Gun,Big Daddio,,11/3/2009,,,XNA 7 Day
Hero In No Time,Storyteller Games," Youtube, ",10/15/2015,,,dev aka George Clingerman
Cops And Robbers,Storyteller Games," Youtube, ",1/18/2008,,,A game demo developed to showcase a 2D motion blur technique suggested by Shawn Hargreaves
Everyday Hero,Storyteller Games," Youtube, ",4/7/2011,,,
Shadowdawn: Genesis,Stray Fox Studio," devblog, dev Twitter, game Twitter, ",6/10/2010,11/29/2021,,dev formerly known as Double Kitty Pup Xplosion
Kinetic Kube S,Suitz Ethics," Twitter, ",3/7/2011,,,released on Zune
KT Leauge,Suitz Ethics,,9/22/2011,,,
Vorpal 2,Team Red Wolf,,8/22/2014,,,
Trinity Wars: Episode 1,TnT Gaming,,2/15/2009,,,"Sequel to TWP Spine of the World , aka Trinity Wars Prologue : Heart of the Wood"
Avatar Land,UberGeek Games," Youtube, ",12/8/2013,,,DreamBuildPlay 2010
Elysia ,Whisper Game Studios," name change news, details, ",4/9/2009,,,Originally called Quiff
Heron,Whisper Game Studios," news1, news2, m ",11/29/2009,,,
Chaos Wilds,X35MM,,,,,
Paper Doll RPG,X35MM,,4/13/2011,,,
Duality ZF,Xona Games,,1/5/2009,,,"DreamBuildPlay , a reduced version released as Score Rush Extended."
Heaven Variant ,Zanrai Interactive," Youtube, ",8/17/2010,7/15/2013,,
Last Age ,Zombie Monkey Games,,1/26/2011,,,
Preyspect,Zombie Monkey Games,,8/28/2011,,,
Raptor - First Blood,Holographic Dreams,"Twitter, Youtube, ",4/15/2010,,,
Space Funk,Low Brow Games," Youtube, ",6/14/2011,,,DreamBuildPlay 
A Game of Hockey 2,Vasculus," Twitter, ",8/9/2011,,,Sequel to A Game of Hockey
Mythic War,Vasculus,,7/27/2009,,,
Project Atlantis,Evolution Dreams Studio,,2/14/2009,,,
Pirate Meyham,Evolution Dreams Studio," Youtube, ",3/12/2010,,,
Swords and Monsters Online,Triple A Studios,,10/20/2008,,,
AirSpace,EnvyGames,,1/23/2009,,,
Battlecruiser Unlimited (aka Battlecruiser Unlimited: No Refuge),ProjectorGames," forum post, Youtube, ",1/24/2009,,,
Spherical Chaos,Phenomenon Creations,,1/31/2010,,,
Penalty Of Heroes,Databox Games," interview, xnplay, Youtube, ",1/22/2009,,,
Axiom Verge,Thomas Happ,,5/15/2012,9/14/2021,"Steam, PS4, Wii U, Xbox One, Switch",
Battle Tennis,dot slash studios,,9/29/2008,,,DreamBuildPlay 2008 
Final Saga: The Gaia Cross Chronicles,James Venezia," Youtube, ",7/29/2010,,,
JForce: Unstoppable,JForce Games," Youtube1, Youtube2, old site, ",4/3/2009,8/6/2009,,"aka J Force: THE GAME, DreamBuildPlay 2009"
MegaChile Pluto,Stefan Mikaelsson," Youtube, article1, article2",4/28/2008,,,
Clean Up,GomZ," article, Youtube, article2, ",6/22/2008,,,3rd Prize winner of Imagine Cup 2008
Gymnast,Walaber," article, IGN, dev forum, Youtube, ",2/7/2008,,PC,
Spheres,"Walaber, Thomas Oskam"," Youtube, forum post, ",6/23/2007,,,"aka S.P.H.E.R.E.S  , 2006/7 Game Programming Lab at ETH"
Save Jack,Roger Miller," article1, article2, ",10/29/2008,,,DreamBuildPlay 
Sketch Tanks,Prelimse Studios," Kickstarter, ",5/3/2011,1/15/2012,PC,
ToeTicTak!,Angry Games," article, IGN,  ",4/27/2011,,,
Tropos,(South Korea),,12/19/2008,,,DreamBuildPlay 2008
AUTO,(Denmark),,12/19/2008,,,DreamBuildPlay 2008
Blast,2.0 Studios," Youtube, ",3/9/2010,,,
Blipits,Star Gaming Network,,12/31/2008,,,
Legends of Lore,Star Gaming Network,,3/2/2010,,,Originally a Java phone game.
iFactor,"Star Gaming Network , as Vector 2 Games"," download1, blog, ",4/1/2007,,,"development started in 2006. Mentioned in Official Xbox Magazine Issue 69, page 49."
Eternity's Child,Silver Sphere Studios," old site, Youtube, article1, article2, forum post, ",3/9/2007,,"PC, Mobile","aka Angel's Eternity, Mentioned in Official Xbox Magazine Issue 69, page 49 as XBLCG title, other sources claim XBLA"
WildBoarders,"Parade of Rain, Alex Akafor, End Dream Entertainment"," blog post & source code download, ",10/4/2006,9/20/2008,,"Mentioned in Official Xbox Magazine Issue 69, page 49."
GunStyle,"Parade of Rain, Alex Akafor, End Dream Entertainment",,6/8/2007,1/11/2008,,DreamBuildPlay 
XNA Racing Game,"ExDream, Benjamin Nitschke"," screenshots, ",11/14/2006,4/30/2007,,"aka XNA Racer, Racing Game; Released as ""The Racing Game Starter Kit"" source code. Mentioned in Official Xbox Magazine Issue 69, page 49."
Rocket Commander XNA,"ExDream, Benjamin Nitschke"," tutorial, ",2/18/2007,,,XNAProjects
Last Alarm: The A.R.G.U.S. Complex,"Trilogy Productions, Grass Roots Games, Garage Games"," game site (no info), video, offline videos, ",1/7/2007,1/25/2008,,"aka XNA Space Battle, Mentioned in Official Xbox Magazine Issue 69, page 49."
Microbe Patrol,Michael Anderson,,12/19/2006,1/15/2007,,
Alien Indigestion,Giggity Games,,1/29/2010,,,
Century Club,Giggity Games,,1/29/2010,,,
Electric Football,Blacklist Games,,10/20/2009,,,
TARAKO FIGHTER HD,AstralSystem," Youtube, ",1/29/2009,,,
Attic Attack,MonkeysInSpaceSuits," Youtube, ",1/18/2008,,,
Grapple Buggy,Mommy’s Best Games," Youtube, ",5/15/2009,,,
StarFight,Paul Stovell," Twitter, ",12/17/2010,,,aka Star Fight
XNA Asteroids,"Microsoft, Rare"," Source Code, Article1, Article2, Video (13 min mark), ",1/18/2007,,,"A 1-4 player space shooter, created by Giles Evans-Pritchard at Microsoft/Rare to demo/teach XNA."
Action Kat!,Tim Turner,,1/7/2014,,,
Cart Racer,Tim Turner,,4/13/2009,,,
Mach Angels,Tim Turner,,1/20/2012,11/20/2013,,
F14 XNA,"Arogan, Robby_ks,"," Youtube, ",9/11/2006,12/23/2006,,
Area51plus,," link, ",1/17/2010,,,
Hour Zero ,Frisky Pixel," Youtube, ",8/6/2009,,,Dream-Build-Play 2009
Edward Usher,SilverAgeGames," Youtube, forum post, ",8/2/2009,,,
Illuminate!,Oscar Kozlowski, vimeo,8/6/2009,,,Dream Build Play 2009
Magnetic Mind,"Oliver Schulze, Laxaris"," vimeo, Youtube, blog1, blog2, ",4/28/2009,,,Dream Build Play 2009
Band of Bears,Cellar Door Games," Youtube, ",8/6/2009,,,Dream Build Play 2009
Carpet Wrestling,OuchGames," Youtube, game page, ",6/30/2009,,,Dream Build Play 2009
Macaroni&TheBrokenSword ,gamo karu," Youtube, old site, ",12/31/2008,,,"aka マカロニと折れた剣 , Macaroni & The Broken Sword "
Dark Redeemer,Phoenix Game Studios," Reddit post mention, ",4/18/2011,8/4/2011,,
Hardest Robots X,Talryyn Games,,11/7/2010,,,
Cosmic Lacrosse,Cosmic Logic," forum post, ",9/16/2009,,,
Cosmic Harvest,Cosmic Logic,,8/21/2010,,,
Edgar,Cosmic Logic,,11/24/2010,,,
Shadow Fox,Polifik Studios," preview, Youtube, ",1/8/2009,4/24/2009,,
Arkedo Series 4 & 5,Arkedo Studio," forum post, ",10/3/2009,,,
Zauri,Microsoft," GDC 08 article, ",2/19/2008,,,"aka Xuna ,"
Future Flow,"Filip Van Bouwel, "," article, profile, ",6/4/2008,,,Imagine Cup 2008 2nd place
Imagine Earth,BAMM! Studios,,6/4/2008,,,Imagine Cup 2008
Ecological Tycoon,ECOThink," forum post, ",6/4/2008,,,Imagine Cup 2008
Not Without You,Bad Pilcrow,,3/2/2012,,PC,
ASCII Quest,"Jade Vault Games, aka Daniel F. Hanson"," preview, ",9/21/2009,,,
Dynamite Mole,DevOur Games," Youtube, ",1/27/2010,,,
Platform Jumper Party,DevOur Games," Youtube, ",9/16/2009,,,Dream Build Play 2007
DungeonQuest,"ExDream, Benjamin Nitschke"," article, blog, Youtube, ",3/12/2007,,PC (download) (download 2),"XNA Game Studio Express Challenge, Dream Build Play 2007"
Simian Escape,"Jonathon Stevens and Patrick Glanville, Last Straw Productions"," article, ",3/12/2007,,,"used Torque X, XNA Game Studio Express Challenge, Dream Build Play 2007"
Damage Control,Josh Butterworth and Maher Al-Samkari ," article, ",3/12/2007,,,"XNA Game Studio Express Challenge, Dream Build Play 2007"
AbduX,Andre Furtado," article, ",3/12/2007,,PC (download),"XNA Game Studio Express Challenge, Dream Build Play 2007"
Pirate Sea Battle,," article, ",7/2/2007,,,XNA UK User Group 48 hour game jam 'Ocean Odyssey' theme
Herriman: Under Pressure,Dan Jeffery," article, Youtube, ",7/2/2007,,PC,XNA UK User Group 48 hour game jam 'Ocean Odyssey' theme
Abyss ,," article, ",7/2/2007,,,XNA UK User Group 48 hour game jam 'Ocean Odyssey' theme
Kraken,"Sam Gynn, "," article, blog, ",5/25/2007,,,XNA UK User Group 48 hour game jam 'Ocean Odyssey' theme
Ocean Odyssey,," article, ",7/2/2007,,,XNA UK User Group 48 hour game jam 'Ocean Odyssey' theme
JAM,"Brian Hoary, Jade law"," Youtube, Github, ",7/21/2007,,,XNA UK User Group 48 hour game jam 'Ocean Odyssey' theme
Ion Core,Dan Jeffery," Youtube, ",3/9/2007,,PC,aka Tank Attack
Splintered Steel,Cyber Edge Studios,,12/20/2010,,,
A Meloncholy Tale,File Under Media,,6/13/2011,,,
Break Extreme 2,MadFox,,8/15/2013,,,
Defend.,MadFox,,6/4/2013,,,
Sombrero Assassin,GameJobb,,1/3/2014,,,
Alien Invasion Cookbook,djayshaggy,,10/25/2012,,,
The League of Knuckle Sandwich,"Spilt Milk Studios, JonCorp"," tumblr, Youtube, ",7/6/2010,8/9/2010,,
Convenient Chaos,H3 Game Studio (H3Games)," Twitter, Youtube, ",1/21/2010,5/6/2013,,"Project moved to Unity 3D, never released"
Outbreak,H3 Game Studio (H3Games),,12/29/2009,1/21/2010,,
Exstatic,GRABTHEFLAG,,1/20/2011,,,
Politico ,Josh Siegl," Greenlight. Youtube, ",10/1/2012,,,
Armoured and Dangerous,Phantasm Games,,11/6/2010,3/10/2014,PC,aka Tank Battle (working title)
Pizzicati,Giles Coope," NeoGAF, Youtube, ",3/6/2008,4/8/2010,,
You Are the Castle,The Dead Pixel Society," Youtube, old site, ",4/27/2010,,,
Zero Point,Lunavu," article, ",6/5/2010,,,
Twang!,That Game Studio," Youtube, ",6/11/2010,,,
Over Night,Tom Looman," Youtube, ",6/11/2010,1/7/2011,,
Astray,Tempula Studios,,,,,
Rola Trooper,Wam Games," article1, article2, ",7/1/2010,,,
BulletAsylum,UberGeek Games," Youtube, ",9/21/2010,,WP7,
Abducted,Photonic Games," Youtube, ",2/27/2010,8/16/2010,,
Rickenbacker vs the Aliens,Smokin Skull," Youtube, ",11/21/2010,,,
Beethoven's Matching,Bertius Games," Youtube, blog post, ",1/25/2010,,,basic matching game
Blossom Tales,bostelk," site mention, ",9/3/2011,,"PC, Switch",Dream Build Play 2011
Elysia ,Whisper Game Studios," Twitter,  Youtube, ",11/30/2010,9/21/2012,,
Super Cube Racer,Pixel Troll," Youtube, ",12/23/2010,,,
They Bleed Pixels,Spooky Squid Games," Youtube, ",11/21/2010,,"PC, Switch",
The Groov Cosmos,Funkmasonry Industries," Youtube, blog post, ",1/6/2011,,,
My Big Head Is Weighing Me Down,Robin Debreuil," Youtube, ",1/21/2011,,,
Cloudberry Kingdom,,,,,"PC, PS2, WiiU, XBLA",Dream Build Play 2009
Railgun Express,All Messed Up Games," Youtube, ",3/7/2014,,,
Invincible Demon,Infinibee Entertainment Ltd.," game site, ",2/2/2011,,,
CubeFortress,CodeRedBeard," Reddit post, dev blog, dev files",5/15/2011,,,"aka CubeWorld, Cubewars"
World of Chalk,Fun Infused Games," Youtube, ",3/8/2011,,,
KAZZ.ED,Kazz.ed Team," Youtube, ",3/16/2011,,PC (free),"Official Global Game Jam 2011 entry, "
Graspoid,ThotLab Games," game page, ",7/1/2016,,,
Dead Shift,,,,5/4/2011,,
Scavenger ,Backup Entertainment,,5/5/2011,,,
Windhaven,StargliderX," game page,  Youtube,",12/28/2009,4/7/2012,,Finalist in DreamBuildPlay 2012
Progenitor ,Exato Game Studios," Youtube, game page, ",6/6/2010,,,DreamBuildPlay 2011
Mr Elastic,Daniel Gadens," IndieGogo, Reddit, github, ",5/28/2011,6/16/2012,,
Wages Of War,"Soolstyle, aka Vincent v Soolen"," Youtube, ",5/28/2011,4/11/2012,,DreamBuildPlay 2011 maybe?